{"cameraMode":{"drawMode":0,"name":"Shaded","section":"Shading Mode"},"sceneLighting":false,"audioPlay":false,"sceneViewState":{"m_AlwaysRefresh":false,"showFog":true,"showSkybox":false,"showFlares":true,"showImageEffects":true,"showParticleSystems":true,"showVisualEffectGraphs":true,"m_FxEnabled":true},"in2DMode":false,"pivot":{"x":-23.099998474121095,"y":-3.299999952316284,"z":0.14999985694885255},"rotation":{"x":0.0942675992846489,"y":0.14285042881965638,"z":-0.013668972998857499,"w":0.9851503968238831},"size":3.3139336109161379,"orthographic":false}