{"cameraMode":{"drawMode":0,"name":"Shaded","section":"Shading Mode"},"sceneLighting":false,"audioPlay":false,"sceneViewState":{"m_AlwaysRefresh":false,"showFog":true,"showSkybox":false,"showFlares":true,"showImageEffects":true,"showParticleSystems":true,"showVisualEffectGraphs":true,"m_FxEnabled":true},"in2DMode":false,"pivot":{"x":2.2200000286102297,"y":-0.3650023937225342,"z":-0.056052207946777347},"rotation":{"x":0.28517472743988039,"y":0.1416708528995514,"z":-0.042662378400564197,"w":0.9469889998435974},"size":7.810772895812988,"orthographic":true}